layer,col,row,rho_rf,rho_lf,rho_clad
1,1,2,17.8777,17.8321,7.2707
1,1,4,17.8777,17.8321,7.2707
1,2,1,20.8096,20.5359,7.1758
1,2,3,19.0608,19.1672,7.1241
1,3,2,17.8016,17.9233,7.3468
1,3,4,17.8016,17.9233,7.3468
1,4,1,20.7336,21.053,7.2137
1,4,3,19.0,19.0,7.3137
1,5,2,17.8168,17.9537,7.4744
1,5,4,17.8168,17.9537,7.4744
1,6,1,17.5583,17.4671,7.2707
1,6,3,19.1977,19.0182,7.7475
1,7,2,20.1405,20.4142,7.2707
1,7,4,20.1405,20.4142,7.2707
1,8,3,19.3497,18.7445,7.2923
2,1,1,18.0297,17.9537,7.2882
2,1,3,17.8777,18.0602,7.4365
2,2,2,18.4708,18.3491,7.2365
2,2,4,18.4708,18.3491,7.2365
2,3,1,18.638,17.3606,7.3537
2,3,3,18.0754,18.0145,7.402
2,4,2,18.4555,18.4099,7.2261
2,4,4,18.4555,18.4099,7.2261
2,5,1,17.8625,17.9385,7.3985
2,5,3,17.9385,17.9537,7.171
2,6,2,18.3947,18.3339,7.2707
2,6,4,18.3947,18.3339,7.2707
2,7,1,18.0297,17.9993,7.3468
2,7,3,17.6648,17.8321,7.2707
2,8,2,18.1666,18.1058,7.2707
2,8,4,18.1666,18.1058,7.2707
3,1,2,18.2883,18.1514,7.3227
3,1,4,18.2883,18.1514,7.3227
3,2,1,18.1362,18.2122,7.3434
3,2,3,17.8016,17.7256,7.2707
3,3,2,17.8016,18.6989,7.2707
3,3,4,17.8016,18.6989,7.2707
3,4,1,17.9689,18.1362,7.1227
3,4,3,18.2579,18.121,7.1986
3,5,2,17.8168,19.0152,7.3027
3,5,4,17.8168,19.0152,7.3027
3,6,1,18.1514,18.2274,7.1296
3,6,3,18.1362,18.0145,7.2707
3,7,2,18.5316,18.2731,7.2707
3,7,4,18.5316,18.2731,7.2707
3,8,1,17.8321,18.1666,7.3537
3,8,3,17.8473,17.8777,7.2707
4,1,1,18.927,21.0377,7.1441
4,1,3,19.7755,19.6843,7.2707
4,2,2,18.1514,19.517,7.2707
4,2,4,18.1514,19.517,7.2707
4,3,1,18.8509,20.4295,7.0924
4,3,3,19.6387,19.6387,7.231
4,4,2,18.6076,19.3041,7.3337
4,4,4,18.6076,19.3041,7.3337
4,5,1,19.7147,19.4714,7.3896
4,5,3,19.7147,19.6691,7.3448
4,6,2,18.8966,18.7749,7.2707
4,6,4,18.8966,18.7749,7.2707
4,7,1,19.441,19.8212,7.3723
4,7,3,19.6843,19.6539,6.9414
4,8,2,19.0912,19.0912,7.0655
4,8,4,19.0912,19.0912,7.0655
5,1,2,17.2694,17.2846,7.4054
5,1,4,17.2694,17.2846,7.4054
5,2,1,19.2889,19.7907,7.2068
5,2,3,17.2238,17.315,7.4089
5,3,2,18.7141,18.7597,7.2261
5,3,4,18.7141,18.7597,7.2261
5,4,1,18.6544,18.6072,7.2896
5,4,3,18.9574,19.7299,7.2707
5,5,2,19.7147,17.8777,7.4061
5,5,4,19.7147,17.8777,7.4061
5,6,1,19.5626,19.3193,7.0448
5,6,3,19.5931,19.4714,7.2792
5,7,2,18.7445,19.1368,7.2707
5,7,4,18.7445,19.1368,7.2707
5,8,1,19.9124,19.8972,7.0413
5,8,3,19.8212,19.958,7.2707
6,1,1,17.8625,18.0602,7.2707
6,1,3,18.0297,17.7864,7.2707
6,2,2,18.5164,19.4866,7.1751
6,2,4,18.5164,19.4866,7.1751
6,3,1,17.8777,18.4403,7.1434
6,3,3,18.0602,17.9689,7.14
6,4,2,19.2585,17.9993,7.0682
6,4,4,19.2585,17.9993,7.0682
6,5,1,18.1514,18.1058,7.2261
6,5,3,18.0602,17.8777,7.2707
6,6,2,18.121,18.9878,7.102
6,6,4,18.121,18.9878,7.102
6,7,1,18.2426,18.1058,7.2744
6,7,3,17.9081,17.8929,7.2707
6,8,2,18.0145,18.2579,7.4985
6,8,4,18.0145,18.2579,7.4985
7,1,2,18.3613,18.0906,7.251
7,1,4,18.3613,18.0906,7.251
7,2,1,17.9537,18.2426,7.2399
7,2,3,17.9385,18.4251,7.4089
7,3,2,18.486,18.6228,7.7226
7,3,4,18.486,18.6228,7.7226
7,4,1,17.9537,18.3947,7.2055
7,4,3,18.0602,18.0297,7.2707
7,5,2,17.7864,19.3345,7.2707
7,5,4,17.7864,19.3345,7.2707
7,6,1,18.1666,18.2122,7.2675
7,6,3,18.0602,17.9841,7.2707
7,7,2,18.6837,18.2731,7.4123
7,7,4,18.6837,18.2731,7.4123
7,8,1,18.0145,18.0754,7.2707
7,8,3,18.0297,17.9081,7.2707
8,1,1,19.7451,19.8212,7.3723
8,1,3,19.958,19.7907,7.262
8,2,2,18.5772,18.5468,7.2707
8,2,4,18.5772,18.5468,7.2707
8,3,1,19.1977,19.4106,7.0379
8,3,3,19.441,19.2281,7.0241
8,4,2,18.9422,18.6228,7.3434
8,4,4,18.9422,18.6228,7.3434
8,5,1,19.3649,19.3649,7.3551
8,5,3,19.1672,19.3802,7.2707
8,6,2,18.8053,18.8205,7.2606
8,6,4,18.8053,18.8205,7.2606
8,7,1,18.9574,18.6837,7.1882
8,7,3,19.7451,19.3802,7.2707
8,8,2,18.4708,19.4714,7.3268
8,8,4,18.4708,19.4714,7.3268
9,1,2,19.2889,18.7901,7.2268
9,1,4,19.2889,18.7901,7.2268
9,2,1,17.1629,17.239,7.371
9,2,3,18.1514,17.0565,7.2572
9,3,2,19.2433,18.5012,7.4406
9,3,4,19.2433,18.5012,7.4406
9,4,1,19.6083,19.3193,7.0344
9,4,3,19.6691,19.517,7.0448
9,5,2,18.6532,18.927,7.202
9,5,4,18.6532,18.927,7.202
9,6,1,18.5924,18.7445,7.3951
9,6,3,19.8668,19.8212,7.0689
9,7,2,18.8509,19.076,7.2707
9,7,4,18.8509,19.076,7.2707
9,8,1,17.2542,17.2542,7.4158
9,8,3,17.3454,17.5583,7.2572
10,1,1,17.9537,17.7712,7.3468
10,1,3,17.6191,17.6191,7.2707
10,2,2,18.4251,18.3339,7.2503
10,2,4,18.4251,18.3339,7.2503
10,3,1,17.9993,18.0145,7.4192
10,3,3,17.391,18.5012,7.171
10,4,2,18.4555,18.562,7.4675
10,4,4,18.4555,18.562,7.4675
10,5,1,18.0297,18.0602,7.2641
10,5,3,18.045,18.045,7.2707
10,6,2,18.562,18.5012,7.1813
10,6,4,18.562,18.5012,7.1813
10,7,1,17.8016,17.8777,7.1503
10,7,3,17.5735,17.6952,7.2707
10,8,2,19.0,17.68,7.1993
10,8,4,19.0,17.68,7.1993
11,1,2,18.2883,18.2122,7.2399
11,1,4,18.2883,18.2122,7.2399
11,2,1,17.2238,17.2542,7.4227
11,2,3,19.1064,19.3497,7.0724
11,3,2,18.3339,18.4555,7.2434
11,3,4,18.3339,18.4555,7.2434
11,4,1,19.1977,19.1977,7.431
11,4,3,19.0912,19.2737,7.162
11,5,2,18.3947,18.4099,7.171
11,5,4,18.3947,18.4099,7.171
11,6,1,19.2889,18.9422,7.2707
11,6,3,19.003,18.9574,7.2537
11,7,2,18.2883,18.5012,7.4503
11,7,4,18.2883,18.5012,7.4503
11,8,1,19.152,19.2129,7.231
11,8,3,19.2433,19.1216,7.162
12,1,1,19.076,19.3802,7.2707
12,1,3,19.8668,18.8205,7.02
12,2,2,18.2579,18.3339,7.1503
12,2,4,18.2579,18.3339,7.1503
12,3,1,16.9804,17.9689,7.2707
12,3,3,19.2129,19.3649,7.1827
12,4,2,18.2426,18.3035,7.2986
12,4,4,18.2426,18.3035,7.2986
12,5,1,19.1977,19.2433,7.2137
12,5,3,19.2889,19.1825,7.2707
12,6,2,17.6648,18.1514,7.2707
12,6,4,17.6648,18.1514,7.2707
12,7,1,18.2274,20.2013,7.2165
12,7,3,19.1672,19.5931,7.1413
12,8,2,18.3187,17.5279,7.2707
12,8,4,18.3187,17.5279,7.2707
