"mass","rad","thk","vol","conc","keff","sd","avg","nm","bfgs","sa"
0,7.62,2.54,1853.333276,0,0,0,0.0957884564995766,0.0153181488977677,0.0153181488977677,0.0153181488977677
50,15.24,10.16,14826.67,0.003372302,0.31986,0.00014,0.274914383888245,0.0439633294076182,0.0439633294076182,0.0439633294076182
100,25.4,2.54,68641.97,0.001456835,0.22583,7e-05,0.252818822860718,0.0404298859618428,0.0404298859618428,0.0404298859618428
50,33.02,15.24,150806.4,0.000331551,0.06494,2e-05,0.0350889600813389,0.00561130155799254,0.00561130155799254,0.00561130155799254
0,45.72,10.16,400319.9875,0,0,0,0.00855848845094442,0.0013686429996079,0.0013686429996079,0.0013686429996079
50,5.08,2.54,549.1358,0.09105216,0.34149,3e-04,0.347672045230865,0.0555984755476392,0.0555984755476392,0.0555984755476392
0,5.08,15.24,549.1357853,0,0,0,0.0747139900922775,0.0119479952679361,0.0119479952679361,0.0119479952679361
25,15.24,7.62,14826.67,0.001686151,0.18267,8e-05,0.112931534647942,0.0180596089153835,0.0180596089153835,0.0180596089153835
100,20.32,12.7,35144.69,0.00284538,0.34733,0.00012,0.363864421844482,0.0581879027608986,0.0581879027608986,0.0581879027608986
25,38.1,5.08,231666.7,0.000107914,0.02267,1e-05,0.0116402944549918,0.00186147444265596,0.00186147444265596,0.00186147444265596
0,30.48,10.16,118613.3296,0,0,0,-0.00150642264634371,-0.000240901745814895,-0.000240901745814895,-0.000240901745814895
0,5.08,2.54,549.1357853,0,0,0,0.118982866406441,0.0190273163437508,0.0190273163437508,0.0190273163437508
100,10.16,15.24,4393.086,0.02276304,0.61996,0.00035,0.536286115646362,0.0857609661067327,0.0857609661067327,0.0857609661067327
100,12.7,15.24,8580.247,0.01165468,0.58645,0.00027,0.503257155418396,0.0804790923904288,0.0804790923904288,0.0804790923904288
0,20.32,7.62,35144.69026,0,0,0,0.00181385525502264,0.000290065273946219,0.000290065273946219,0.000290065273946219
50,30.48,7.62,118613.3,0.000421538,0.07934,2e-05,0.0150951938703656,0.002413969655602,0.002413969655602,0.002413969655602
50,2.54,12.7,68.64197,0.7284173,0.19859,0.00026,0.118559405207634,0.0189595979366192,0.0189595979366192,0.0189595979366192
100,40.64,5.08,281157.5,0.000355673,0.07394,2e-05,0.0625474900007248,0.0100023718934961,0.0100023718934961,0.0100023718934961
50,45.72,5.08,400320,0.0001249,0.02741,1e-05,0.0405110456049442,0.00647838216897811,0.00647838216897811,0.00647838216897811
0,43.18,15.24,337238.0142,0,0,0,0.00359439756721258,0.000574803260689137,0.000574803260689137,0.000574803260689137
100,15.24,10.16,14826.67,0.006744605,0.51101,0.00022,0.477743178606033,0.0763989880639989,0.0763989880639989,0.0763989880639989
75,27.94,5.08,91362.47,0.000820906,0.14255,4e-05,0.10424417257309,0.0166703569047094,0.0166703569047094,0.0166703569047094
75,33.02,2.54,150806.4,0.000497326,0.09521,3e-05,0.0521154813468456,0.00833412221391565,0.00833412221391565,0.00833412221391565
0,43.18,12.7,337238.0142,0,0,0,0.000540333741810173,8.6408248070818e-05,8.6408248070818e-05,8.6408248070818e-05
0,38.1,2.54,231666.6594,0,0,0,0.00595532264560461,0.000952353992884542,0.000952353992884542,0.000952353992884542
75,12.7,2.54,8580.247,0.008741007,0.49253,0.00025,0.430757582187653,0.0688852187823072,0.0688852187823072,0.0688852187823072
100,25.4,5.08,68641.97,0.001456835,0.22712,8e-05,0.238081067800522,0.0380730766480618,0.0380730766480618,0.0380730766480618
100,30.48,5.08,118613.3,0.000843076,0.15154,5e-05,0.109906055033207,0.0175757849879578,0.0175757849879578,0.0175757849879578
25,27.94,5.08,91362.47,0.000273635,0.05042,2e-05,0.00985378865152597,0.00157578279562188,0.00157578279562188,0.00157578279562188
50,45.72,2.54,400320,0.0001249,0.02739,1e-05,0.0420177839696407,0.00671933440334783,0.00671933440334783,0.00671933440334783
75,38.1,7.62,231666.7,0.000323741,0.06639,2e-05,0.0414797253906727,0.00663328999121775,0.00663328999121775,0.00663328999121775
100,40.64,15.24,281157.5,0.000355673,0.074,2e-05,0.0671250075101852,0.0107343921948396,0.0107343921948396,0.0107343921948396
75,20.32,12.7,35144.69,0.002134035,0.27688,1e-04,0.287596046924591,0.0459913358058936,0.0459913358058936,0.0459913358058936
0,40.64,5.08,281157.5221,0,0,0,0.00210812408477068,0.000337123697422039,0.000337123697422039,0.000337123697422039
100,38.1,2.54,231666.7,0.000431655,0.0872,2e-05,0.0675812661647797,0.0108073554543218,0.0108073554543218,0.0108073554543218
50,7.62,5.08,1853.333,0.02697842,0.46763,0.00032,0.362067699432373,0.0579005773101876,0.0579005773101876,0.0579005773101876
75,38.1,15.24,231666.7,0.000323741,0.06638,2e-05,0.0510666370391846,0.0081663947667634,0.0081663947667634,0.0081663947667634
100,17.78,10.16,23544.2,0.004247331,0.42571,0.00017,0.424492031335831,0.0678832541992871,0.0678832541992871,0.0678832541992871
0,7.62,15.24,1853.333276,0,0,0,0.0572679750621319,0.00915809066282699,0.00915809066282699,0.00915809066282699
50,40.64,12.7,281157.5,0.000177836,0.03772,1e-05,0.0358178541064262,0.00572786369517481,0.00572786369517481,0.00572786369517481
75,2.54,7.62,68.64197,1.092626,0.20946,0.00025,0.175652876496315,0.0280897825773363,0.0280897825773363,0.0280897825773363
0,2.54,2.54,68.64197317,0,0,0,0.143612235784531,0.0229659573990367,0.0229659573990367,0.0229659573990367
0,5.08,7.62,549.1357853,0,0,0,0.0849422886967659,0.0135836683617507,0.0135836683617507,0.0135836683617507
75,12.7,10.16,8580.247,0.008741007,0.50606,0.00024,0.439483076334,0.0702805687380812,0.0702805687380812,0.0702805687380812
25,27.94,15.24,91362.47,0.000273635,0.0505,1e-05,0.0223833099007607,0.00357945922102048,0.00357945922102048,0.00357945922102048
25,27.94,12.7,91362.47,0.000273635,0.05049,2e-05,0.0108572682365775,0.00173625567786065,0.00173625567786065,0.00173625567786065
50,30.48,10.16,118613.3,0.000421538,0.07935,2e-05,0.0144850350916386,0.00231639523624739,0.00231639523624739,0.00231639523624739
100,20.32,5.08,35144.69,0.00284538,0.34591,0.00013,0.370878487825394,0.0593095672181898,0.0593095672181898,0.0593095672181898
75,12.7,12.7,8580.247,0.008741007,0.50601,0.00024,0.428927093744278,0.0685924935881041,0.0685924935881041,0.0685924935881041
75,33.02,10.16,150806.4,0.000497326,0.09564,3e-05,0.0301731061190367,0.00482517569579578,0.00482517569579578,0.00482517569579578
75,40.64,12.7,281157.5,0.000266754,0.05605,1e-05,0.0490103252232075,0.00783755670288339,0.00783755670288339,0.00783755670288339
50,27.94,10.16,91362.47,0.000547271,0.09799,3e-05,0.0175665989518166,0.00280918795651003,0.00280918795651003,0.00280918795651003
0,38.1,12.7,231666.6594,0,0,0,-0.00671264808624983,-0.00107346278080955,-0.00107346278080955,-0.00107346278080955
50,10.16,5.08,4393.086,0.01138152,0.4596,0.00025,0.342096507549286,0.0547068554139342,0.0547068554139342,0.0547068554139342
50,45.72,12.7,400320,0.0001249,0.02742,1e-05,0.0459392480552197,0.00734644097709674,0.00734644097709674,0.00734644097709674
75,35.56,15.24,188353.6,0.000398187,0.07928,2e-05,0.0497494898736477,0.00795576128190236,0.00795576128190236,0.00795576128190236
50,10.16,10.16,4393.086,0.01138152,0.46346,0.00025,0.341156303882599,0.0545565013912592,0.0545565013912592,0.0545565013912592
75,17.78,10.16,23544.2,0.003185498,0.34604,0.00013,0.355385392904282,0.0568319666433242,0.0568319666433242,0.0568319666433242
25,35.56,10.16,188353.6,0.000132729,0.02726,1e-05,0.00680900830775499,0.00108887236433118,0.00108887236433118,0.00108887236433118
0,5.08,12.7,549.1357853,0,0,0,0.0652265697717667,0.0104308007913142,0.0104308007913142,0.0104308007913142
100,5.08,10.16,549.1358,0.1821043,0.41737,0.00034,0.479839652776718,0.0767342487486412,0.0767342487486412,0.0767342487486412
0,15.24,2.54,14826.6662,0,0,0,0.0369647480547428,0.00591127089174384,0.00591127089174384,0.00591127089174384
100,33.02,7.62,150806.4,0.000663102,0.12523,4e-05,0.0584518611431122,0.00934741350953693,0.00934741350953693,0.00934741350953693
0,25.4,2.54,68641.97317,0,0,0,0.0102947587147355,0.00164630115800652,0.00164630115800652,0.00164630115800652
75,5.08,2.54,549.1358,0.1365782,0.36126,0.00033,0.429901212453842,0.0687482711836777,0.0687482711836777,0.0687482711836777
25,10.16,10.16,4393.086,0.00569076,0.30693,0.00016,0.169119447469711,0.0270449798704156,0.0270449798704156,0.0270449798704156
100,27.94,7.62,91362.47,0.001094541,0.18522,6e-05,0.159341558814049,0.0254813347318817,0.0254813347318817,0.0254813347318817
75,7.62,10.16,1853.333,0.04046763,0.53488,0.00035,0.480433940887451,0.0768292851872795,0.0768292851872795,0.0768292851872795
25,33.02,2.54,150806.4,0.000165775,0.03293,1e-05,0.0186288226395845,0.00297905498649018,0.00297905498649018,0.00297905498649018
25,7.62,5.08,1853.333,0.01348921,0.34864,0.00024,0.21994636952877,0.0351730402710897,0.0351730402710897,0.0351730402710897
75,15.24,7.62,14826.67,0.005058453,0.42602,0.00018,0.398698002099991,0.0637583648864531,0.0637583648864531,0.0637583648864531
75,40.64,10.16,281157.5,0.000266754,0.05604,1e-05,0.047565259039402,0.00760646686409098,0.00760646686409098,0.00760646686409098
50,12.7,10.16,8580.247,0.005827338,0.39711,0.00018,0.310653567314148,0.0496786123676796,0.0496786123676796,0.0496786123676796
0,2.54,15.24,68.64197317,0,0,0,0.0941220074892044,0.0150516563056093,0.0150516563056093,0.0150516563056093
50,43.18,2.54,337238,0.000148263,0.03198,1e-05,0.0379192344844341,0.00606390896302307,0.00606390896302307,0.00606390896302307
75,22.86,7.62,50040,0.001498801,0.22068,7e-05,0.238087192177773,0.0380740560366652,0.0380740560366652,0.0380740560366652
75,43.18,10.16,337238,0.000222395,0.04767,1e-05,0.0537214018404484,0.00859093530119086,0.00859093530119086,0.00859093530119086
0,2.54,10.16,68.64197317,0,0,0,0.0929965600371361,0.0148716787563576,0.0148716787563576,0.0148716787563576
100,22.86,7.62,50040,0.001998401,0.28074,9e-05,0.302236676216125,0.0483326131125776,0.0483326131125776,0.0483326131125776
50,2.54,10.16,68.64197,0.7284173,0.19795,0.00024,0.121186912059784,0.0193797794768794,0.0193797794768794,0.0193797794768794
0,33.02,15.24,150806.4151,0,0,0,0.00572644267231226,0.000915752322508689,0.000915752322508689,0.000915752322508689
75,43.18,15.24,337238,0.000222395,0.04767,1e-05,0.0587057881057262,0.00938802060526247,0.00938802060526247,0.00938802060526247
0,7.62,12.7,1853.333276,0,0,0,0.048874955624342,0.0078159088786316,0.0078159088786316,0.0078159088786316
50,15.24,15.24,14826.67,0.003372302,0.32,0.00014,0.252201169729233,0.0403311130722796,0.0403311130722796,0.0403311130722796
50,38.1,15.24,231666.7,0.000215827,0.0448,1e-05,0.0360366404056549,0.00576285122113407,0.00576285122113407,0.00576285122113407
50,22.86,7.62,50040,0.000999201,0.15445,5e-05,0.133164271712303,0.0212951561857651,0.0212951561857651,0.0212951561857651
75,12.7,15.24,8580.247,0.008741007,0.50591,0.00024,0.410901308059692,0.065709874124276,0.065709874124276,0.065709874124276
0,10.16,5.08,4393.086283,0,0,0,0.0565943084657192,0.00905036029939487,0.00905036029939487,0.00905036029939487
0,22.86,15.24,50039.99844,0,0,0,0.0108916228637099,0.00174174954750813,0.00174174954750813,0.00174174954750813
75,25.4,10.16,68641.97,0.001092626,0.17687,6e-05,0.165784880518913,0.0265117277967472,0.0265117277967472,0.0265117277967472
75,45.72,7.62,400320,0.00018735,0.04085,1e-05,0.0588028207421303,0.00940353771898051,0.00940353771898051,0.00940353771898051
75,10.16,15.24,4393.086,0.01707228,0.55741,0.00031,0.444137036800385,0.0710248135249123,0.0710248135249123,0.0710248135249123
75,38.1,2.54,231666.7,0.000323741,0.06621,2e-05,0.0523774661123753,0.00837601788479273,0.00837601788479273,0.00837601788479273
25,5.08,10.16,549.1358,0.04552608,0.32353,0.00027,0.206282302737236,0.0329879313622444,0.0329879313622444,0.0329879313622444
75,45.72,15.24,400320,0.00018735,0.04084,1e-05,0.0659025087952614,0.0105388945531941,0.0105388945531941,0.0105388945531941
100,33.02,10.16,150806.4,0.000663102,0.12524,3e-05,0.053035955876112,0.00848132122318215,0.00848132122318215,0.00848132122318215
25,20.32,5.08,35144.69,0.000711345,0.10499,4e-05,0.053223229944706,0.00851126942542117,0.00851126942542117,0.00851126942542117
50,7.62,7.62,1853.333,0.02697842,0.47393,0.00032,0.361294716596603,0.0577769646473842,0.0577769646473842,0.0577769646473842
100,40.64,12.7,281157.5,0.000355673,0.07393,2e-05,0.0592860840260983,0.00948081946263903,0.00948081946263903,0.00948081946263903
75,10.16,5.08,4393.086,0.01707228,0.55131,0.00029,0.462052077054977,0.0738897229738977,0.0738897229738977,0.0738897229738977
0,22.86,10.16,50039.99844,0,0,0,0.000696806760970503,0.000111430856155037,0.000111430856155037,0.000111430856155037
25,15.24,10.16,14826.67,0.001686151,0.18294,8e-05,0.0997188463807106,0.0159466828529604,0.0159466828529604,0.0159466828529604
0,33.02,5.08,150806.4151,0,0,0,0.000338389480020851,5.41140407708781e-05,5.41140407708781e-05,5.41140407708781e-05
75,20.32,5.08,35144.69,0.002134035,0.27586,1e-04,0.297430515289307,0.0475640289700409,0.0475640289700409,0.0475640289700409
25,40.64,5.08,281157.5,8.89e-05,0.01906,0,0.0139849493280053,0.00223642330153914,0.00223642330153914,0.00223642330153914
25,17.78,15.24,23544.2,0.001061833,0.13837,6e-05,0.0780658200383186,0.012484007978337,0.012484007978337,0.012484007978337
100,45.72,5.08,400320,0.0002498,0.05407,1e-05,0.0784081444144249,0.0125387512736792,0.0125387512736792,0.0125387512736792
50,10.16,2.54,4393.086,0.01138152,0.44518,0.00027,0.341817557811737,0.0546622467651375,0.0546622467651375,0.0546622467651375
0,33.02,10.16,150806.4151,0,0,0,-0.00344490492716432,-0.000550896929978089,-0.000550896929978089,-0.000550896929978089
100,17.78,7.62,23544.2,0.004247331,0.42547,0.00016,0.429072022438049,0.068615670068777,0.068615670068777,0.068615670068777
25,10.16,15.24,4393.086,0.00569076,0.30735,0.00017,0.171925917267799,0.0274937805277724,0.0274937805277724,0.0274937805277724
50,12.7,2.54,8580.247,0.005827338,0.38601,2e-04,0.311253577470779,0.049774563855524,0.049774563855524,0.049774563855524
0,27.94,2.54,91362.46629,0,0,0,0.00927833095192909,0.00148375764928464,0.00148375764928464,0.00148375764928464
50,35.56,12.7,188353.6,0.000265458,0.05369,1e-05,0.0265683513134718,0.00424871614242746,0.00424871614242746,0.00424871614242746
100,27.94,5.08,91362.47,0.001094541,0.18487,6e-05,0.169810891151428,0.0271555530820323,0.0271555530820323,0.0271555530820323
100,38.1,5.08,231666.7,0.000431655,0.08739,2e-05,0.0580488592386246,0.00928296687990517,0.00928296687990517,0.00928296687990517
25,10.16,2.54,4393.086,0.00569076,0.29484,0.00017,0.201283067464828,0.0321884714578242,0.0321884714578242,0.0321884714578242
25,35.56,2.54,188353.6,0.000132729,0.02715,1e-05,0.019374180585146,0.003098249975213,0.003098249975213,0.003098249975213
75,30.48,15.24,118613.3,0.000632307,0.11636,3e-05,0.0672867074608803,0.0107602506752038,0.0107602506752038,0.0107602506752038
100,25.4,7.62,68641.97,0.001456835,0.22754,7e-05,0.230557277798653,0.036869898940269,0.036869898940269,0.036869898940269
50,43.18,7.62,337238,0.000148263,0.03205,1e-05,0.0352779924869537,0.00564153094722718,0.00564153094722718,0.00564153094722718
0,27.94,5.08,91362.46629,0,0,0,0.00288780033588409,0.000461806747374529,0.000461806747374529,0.000461806747374529
0,43.18,5.08,337238.0142,0,0,0,0.00464850571006536,0.000743372481622764,0.000743372481622764,0.000743372481622764
75,20.32,15.24,35144.69,0.002134035,0.27679,1e-04,0.269549459218979,0.0431053897569309,0.0431053897569309,0.0431053897569309
0,35.56,5.08,188353.5744,0,0,0,-0.00018545618513599,-2.96574927892029e-05,-2.96574927892029e-05,-2.96574927892029e-05
100,10.16,7.62,4393.086,0.02276304,0.618,0.00034,0.558419227600098,0.089300414562923,0.089300414562923,0.089300414562923
0,12.7,7.62,8580.246646,0,0,0,0.0263130590319633,0.00420789070976571,0.00420789070976571,0.00420789070976571
50,27.94,5.08,91362.47,0.000547271,0.09792,3e-05,0.0372771695256233,0.00596123222095503,0.00596123222095503,0.00596123222095503
25,35.56,15.24,188353.6,0.000132729,0.02725,1e-05,0.0201238859444857,0.0032181401868678,0.0032181401868678,0.0032181401868678
75,25.4,2.54,68641.97,0.001092626,0.17572,6e-05,0.178165838122368,0.0284916464528903,0.0284916464528903,0.0284916464528903
25,25.4,12.7,68641.97,0.000364209,0.06362,2e-05,0.0113507183268666,0.00181516645931477,0.00181516645931477,0.00181516645931477
75,30.48,10.16,118613.3,0.000632307,0.11636,3e-05,0.036846000701189,0.00589228123777692,0.00589228123777692,0.00589228123777692
25,12.7,5.08,8580.247,0.002913669,0.23934,0.00012,0.160269647836685,0.0256297514238157,0.0256297514238157,0.0256297514238157
0,33.02,7.62,150806.4151,0,0,0,-0.00255154864862561,-0.000408034574810356,-0.000408034574810356,-0.000408034574810356
25,35.56,7.62,188353.6,0.000132729,0.02723,1e-05,0.00632726307958364,0.00101183338275044,0.00101183338275044,0.00101183338275044
100,7.62,2.54,1853.333,0.05395684,0.53295,0.00039,0.566589176654816,0.0906069237257249,0.0906069237257249,0.0906069237257249
25,5.08,15.24,549.1358,0.04552608,0.32426,0.00028,0.20755472779274,0.0331914130465071,0.0331914130465071,0.0331914130465071
0,17.78,5.08,23544.1968,0,0,0,0.0125654879957438,0.00200942809943666,0.00200942809943666,0.00200942809943666
100,35.56,15.24,188353.6,0.000530916,0.10425,3e-05,0.0671114921569824,0.0107322308676784,0.0107322308676784,0.0107322308676784
25,33.02,5.08,150806.4,0.000165775,0.03305,1e-05,0.00997244287282228,0.0015947575562098,0.0015947575562098,0.0015947575562098
0,38.1,5.08,231666.6594,0,0,0,0.000460407638456672,7.36267502084665e-05,7.36267502084665e-05,7.36267502084665e-05
100,5.08,12.7,549.1358,0.1821043,0.41818,0.00035,0.475169152021408,0.0759873588976987,0.0759873588976987,0.0759873588976987
0,35.56,10.16,188353.5744,0,0,0,-0.00663021858781576,-0.00106028094891953,-0.00106028094891953,-0.00106028094891953
0,12.7,15.24,8580.246646,0,0,0,0.0307946745306253,0.00492457470301234,0.00492457470301234,0.00492457470301234
50,17.78,15.24,23544.2,0.002123666,0.25167,1e-04,0.208134055137634,0.033284057012742,0.033284057012742,0.033284057012742
25,43.18,2.54,337238,7.41e-05,0.01613,0,0.0211932603269815,0.00338915073048797,0.00338915073048797,0.00338915073048797
25,38.1,12.7,231666.7,0.000107914,0.02269,1e-05,0.0133474553003907,0.00213447752651268,0.00213447752651268,0.00213447752651268
25,43.18,12.7,337238,7.41e-05,0.01617,0,0.0228740721940994,0.00365794017955651,0.00365794017955651,0.00365794017955651
25,10.16,12.7,4393.086,0.00569076,0.30704,0.00017,0.167844504117966,0.0268410954691846,0.0268410954691846,0.0268410954691846
100,35.56,2.54,188353.6,0.000530916,0.1039,3e-05,0.0680576339364052,0.0108835344921987,0.0108835344921987,0.0108835344921987
50,20.32,15.24,35144.69,0.00142269,0.19669,7e-05,0.161898970603943,0.0258903069193674,0.0258903069193674,0.0258903069193674
25,30.48,5.08,118613.3,0.000210769,0.04054,1e-05,0.00998554471880198,0.00159685275676827,0.00159685275676827,0.00159685275676827
100,17.78,5.08,23544.2,0.004247331,0.42455,0.00017,0.428663462400436,0.0685503346022862,0.0685503346022862,0.0685503346022862
25,40.64,10.16,281157.5,8.89e-05,0.01906,0,0.0151653913781047,0.00242519539109346,0.00242519539109346,0.00242519539109346
50,10.16,12.7,4393.086,0.01138152,0.46398,0.00025,0.335856229066849,0.0537089322982409,0.0537089322982409,0.0537089322982409
25,2.54,7.62,68.64197,0.3642086,0.17583,0.00023,0.0995757728815079,0.0159238030483973,0.0159238030483973,0.0159238030483973
50,15.24,7.62,14826.67,0.003372302,0.31978,0.00014,0.27374342083931,0.043776073166179,0.043776073166179,0.043776073166179
50,17.78,2.54,23544.2,0.002123666,0.24765,1e-04,0.234259650111198,0.0374619691377755,0.0374619691377755,0.0374619691377755
25,2.54,2.54,68.64197,0.3642086,0.14512,2e-04,0.130687192082405,0.0208990304312743,0.0208990304312743,0.0208990304312743
100,15.24,7.62,14826.67,0.006744605,0.51028,2e-04,0.481298863887787,0.0769676005938369,0.0769676005938369,0.0769676005938369
75,27.94,10.16,91362.47,0.000820906,0.14286,4e-05,0.0907637476921082,0.0145146153563219,0.0145146153563219,0.0145146153563219
100,15.24,15.24,14826.67,0.006744605,0.51096,0.00022,0.460691124200821,0.0736720842392877,0.0736720842392877,0.0736720842392877
75,35.56,2.54,188353.6,0.000398187,0.07905,2e-05,0.0517050586640835,0.00826848887984476,0.00826848887984476,0.00826848887984476
0,33.02,12.7,150806.4151,0,0,0,-0.00221058167517185,-0.000353508350467144,-0.000353508350467144,-0.000353508350467144
75,10.16,12.7,4393.086,0.01707228,0.55765,0.00029,0.46087509393692,0.0737015040244396,0.0737015040244396,0.0737015040244396
0,2.54,7.62,68.64197317,0,0,0,0.110412016510963,0.0176566965459475,0.0176566965459475,0.0176566965459475
75,7.62,5.08,1853.333,0.04046763,0.52551,0.00033,0.477884024381638,0.0764215116189362,0.0764215116189362,0.0764215116189362
25,33.02,10.16,150806.4,0.000165775,0.03307,1e-05,0.00455284118652344,0.000728074151642306,0.000728074151642306,0.000728074151642306
50,38.1,2.54,231666.7,0.000215827,0.04468,1e-05,0.0348103828728199,0.00556675248271188,0.00556675248271188,0.00556675248271188
0,40.64,12.7,281157.5221,0,0,0,-0.00436905864626169,-0.000698684302182191,-0.000698684302182191,-0.000698684302182191
25,38.1,15.24,231666.7,0.000107914,0.02269,1e-05,0.020344216376543,0.00325337464505096,0.00325337464505096,0.00325337464505096
50,40.64,10.16,281157.5,0.000177836,0.03774,1e-05,0.0313484370708466,0.00501313043671029,0.00501313043671029,0.00501313043671029
50,35.56,2.54,188353.6,0.000265458,0.05349,1e-05,0.0325762368738651,0.00520947580948881,0.00520947580948881,0.00520947580948881
0,7.62,10.16,1853.333276,0,0,0,0.0486318245530128,0.00777702822340035,0.00777702822340035,0.00777702822340035
0,22.86,7.62,50039.99844,0,0,0,0.000866226793732494,0.000138523904555126,0.000138523904555126,0.000138523904555126
50,22.86,12.7,50040,0.000999201,0.15465,5e-05,0.120537623763084,0.0192759476043357,0.0192759476043357,0.0192759476043357
25,7.62,10.16,1853.333,0.01348921,0.35484,0.00024,0.196264356374741,0.0313858970499864,0.0313858970499864,0.0313858970499864
25,12.7,7.62,8580.247,0.002913669,0.24073,0.00012,0.149414747953415,0.0238938744845831,0.0238938744845831,0.0238938744845831
50,38.1,5.08,231666.7,0.000215827,0.04478,1e-05,0.0271770227700472,0.00434605271451937,0.00434605271451937,0.00434605271451937
75,27.94,12.7,91362.47,0.000820906,0.14281,4e-05,0.0932416245341301,0.014910868598137,0.014910868598137,0.014910868598137
25,30.48,2.54,118613.3,0.000210769,0.0404,1e-05,0.0184026882052422,0.0029428923729274,0.0029428923729274,0.0029428923729274
0,40.64,15.24,281157.5221,0,0,0,0.000341693812515587,5.46424578579862e-05,5.46424578579862e-05,5.46424578579862e-05
100,38.1,12.7,231666.7,0.000431655,0.08745,2e-05,0.0561094880104065,0.00897282953843938,0.00897282953843938,0.00897282953843938
75,38.1,5.08,231666.7,0.000323741,0.06639,2e-05,0.0446726270020008,0.00714388744821365,0.00714388744821365,0.00714388744821365
100,25.4,10.16,68641.97,0.001456835,0.22754,7e-05,0.22833713889122,0.0365148622312483,0.0365148622312483,0.0365148622312483
25,17.78,10.16,23544.2,0.001061833,0.1384,6e-05,0.0604300051927567,0.00966375126255021,0.00966375126255021,0.00966375126255021
0,30.48,5.08,118613.3296,0,0,0,0.00199546292424202,0.000319107325773114,0.000319107325773114,0.000319107325773114
100,35.56,5.08,188353.6,0.000530916,0.10422,3e-05,0.0571378506720066,0.00913728163368078,0.00913728163368078,0.00913728163368078
0,20.32,10.16,35144.69026,0,0,0,0.00177801726385951,0.000284334190004636,0.000284334190004636,0.000284334190004636
50,17.78,10.16,23544.2,0.002123666,0.25167,1e-04,0.233550056815147,0.0373484935044583,0.0373484935044583,0.0373484935044583
0,7.62,7.62,1853.333276,0,0,0,0.0614113993942738,0.00982069232889166,0.00982069232889166,0.00982069232889166
100,2.54,12.7,68.64197,1.456835,0.22395,0.00024,0.214557588100433,0.0343112855324365,0.0343112855324365,0.0343112855324365
0,27.94,7.62,91362.46629,0,0,0,0.000444181903731078,7.10319884847151e-05,7.10319884847151e-05,7.10319884847151e-05
50,33.02,12.7,150806.4,0.000331551,0.06493,2e-05,0.0234345048666,0.00374756257705882,0.00374756257705882,0.00374756257705882
25,40.64,12.7,281157.5,8.89e-05,0.01907,0,0.0177040118724108,0.00283116254149719,0.00283116254149719,0.00283116254149719
0,15.24,10.16,14826.6662,0,0,0,0.00905834976583719,0.00144857904127275,0.00144857904127275,0.00144857904127275
50,7.62,10.16,1853.333,0.02697842,0.47546,0.00031,0.360378056764603,0.0576303756709218,0.0576303756709218,0.0576303756709218
75,35.56,10.16,188353.6,0.000398187,0.07935,2e-05,0.0326131954789162,0.00521538609801327,0.00521538609801327,0.00521538609801327
0,5.08,10.16,549.1357853,0,0,0,0.0680736675858498,0.0108860985363283,0.0108860985363283,0.0108860985363283
0,25.4,10.16,68641.97317,0,0,0,0.000572652032133192,9.15764739863434e-05,9.15764739863434e-05,9.15764739863434e-05
100,5.08,7.62,549.1358,0.1821043,0.41482,0.00033,0.485852867364883,0.0776958606148492,0.0776958606148492,0.0776958606148492
0,10.16,10.16,4393.086283,0,0,0,0.0336459651589394,0.00538054294794921,0.00538054294794921,0.00538054294794921
75,25.4,12.7,68641.97,0.001092626,0.17686,5e-05,0.15933945775032,0.0254809987372514,0.0254809987372514,0.0254809987372514
75,7.62,15.24,1853.333,0.04046763,0.53528,0.00035,0.462409108877182,0.0739468182316524,0.0739468182316524,0.0739468182316524
75,33.02,12.7,150806.4,0.000497326,0.09566,3e-05,0.0394077599048615,0.00630194864819452,0.00630194864819452,0.00630194864819452
100,43.18,7.62,337238,0.000296526,0.06302,2e-05,0.0668685436248779,0.01069337940347,0.01069337940347,0.01069337940347
25,40.64,15.24,281157.5,8.89e-05,0.01907,1e-05,0.0228921063244343,0.0036608241334671,0.0036608241334671,0.0036608241334671
75,25.4,7.62,68641.97,0.001092626,0.17682,6e-05,0.166271388530731,0.0265895284257303,0.0265895284257303,0.0265895284257303
25,7.62,15.24,1853.333,0.01348921,0.35504,0.00025,0.197938427329063,0.0316536085162825,0.0316536085162825,0.0316536085162825
25,43.18,5.08,337238,7.41e-05,0.01615,0,0.0178212691098452,0.00284991390140003,0.00284991390140003,0.00284991390140003
25,25.4,2.54,68641.97,0.000364209,0.0631,2e-05,0.0256723780184984,0.00410543528330968,0.00410543528330968,0.00410543528330968
75,20.32,7.62,35144.69,0.002134035,0.27645,1e-04,0.300202488899231,0.0480073131198141,0.0480073131198141,0.0480073131198141
75,12.7,7.62,8580.247,0.008741007,0.50513,0.00024,0.436224758625031,0.069759510171672,0.069759510171672,0.069759510171672
75,22.86,15.24,50040,0.001498801,0.22087,7e-05,0.213873580098152,0.0342019014081996,0.0342019014081996,0.0342019014081996
100,20.32,15.24,35144.69,0.00284538,0.34716,0.00013,0.354670166969299,0.0567175902584448,0.0567175902584448,0.0567175902584448
100,17.78,15.24,23544.2,0.004247331,0.42552,0.00017,0.410618662834167,0.0656646745062004,0.0656646745062004,0.0656646745062004
100,45.72,10.16,400320,0.0002498,0.05406,1e-05,0.0748817846179008,0.0119748283710224,0.0119748283710224,0.0119748283710224
25,43.18,7.62,337238,7.41e-05,0.01616,0,0.0180254895240068,0.00288257210288286,0.00288257210288286,0.00288257210288286
50,17.78,12.7,23544.2,0.002123666,0.25147,1e-04,0.223301857709885,0.0357096379934179,0.0357096379934179,0.0357096379934179
100,7.62,12.7,1853.333,0.05395684,0.57031,0.00036,0.557332456111908,0.0891266219361046,0.0891266219361046,0.0891266219361046
0,45.72,15.24,400319.9875,0,0,0,0.00891910027712584,0.0014263107588516,0.0014263107588516,0.0014263107588516
100,7.62,15.24,1853.333,0.05395684,0.57019,0.00036,0.548537611961365,0.0877201817745881,0.0877201817745881,0.0877201817745881
50,2.54,7.62,68.64197,0.7284173,0.19558,0.00023,0.12687611579895,0.0202895766817928,0.0202895766817928,0.0202895766817928
100,33.02,5.08,150806.4,0.000663102,0.12515,3e-05,0.0706514492630959,0.01129832820367,0.01129832820367,0.01129832820367
25,43.18,15.24,337238,7.41e-05,0.01616,0,0.027123961597681,0.00433756736076488,0.00433756736076488,0.00433756736076488
100,5.08,15.24,549.1358,0.1821043,0.41852,0.00032,0.47266560792923,0.0755870010406297,0.0755870010406297,0.0755870010406297
50,20.32,7.62,35144.69,0.00142269,0.19662,7e-05,0.185625597834587,0.0296845846647494,0.0296845846647494,0.0296845846647494
100,15.24,5.08,14826.67,0.006744605,0.50822,0.00022,0.479805588722229,0.0767288013463362,0.0767288013463362,0.0767288013463362
25,45.72,15.24,400320,6.25e-05,0.01382,0,0.0324456840753555,0.00518859827079917,0.00518859827079917,0.00518859827079917
25,45.72,5.08,400320,6.25e-05,0.01381,0,0.0231331270188093,0.00369936730473008,0.00369936730473008,0.00369936730473008
25,25.4,15.24,68641.97,0.000364209,0.06362,2e-05,0.0271321851760149,0.00433888244613105,0.00433888244613105,0.00433888244613105
25,17.78,2.54,23544.2,0.001061833,0.13627,6e-05,0.10565921664238,0.0168966457138457,0.0168966457138457,0.0168966457138457
50,2.54,15.24,68.64197,0.7284173,0.19857,0.00025,0.120573610067368,0.0192817024059833,0.0192817024059833,0.0192817024059833
75,10.16,10.16,4393.086,0.01707228,0.55714,0.00029,0.468402594327927,0.0749052750844519,0.0749052750844519,0.0749052750844519
0,27.94,15.24,91362.46629,0,0,0,0.0105648767203093,0.00168949746767213,0.00168949746767213,0.00168949746767213
100,5.08,5.08,549.1358,0.1821043,0.40516,0.00034,0.488731324672699,0.0781561732584419,0.0781561732584419,0.0781561732584419
25,40.64,2.54,281157.5,8.89e-05,0.01903,0,0.0195532999932766,0.00312689411318632,0.00312689411318632,0.00312689411318632
100,38.1,15.24,231666.7,0.000431655,0.08746,2e-05,0.0644551068544388,0.0103074311884562,0.0103074311884562,0.0103074311884562
100,15.24,2.54,14826.67,0.006744605,0.50073,2e-04,0.479672193527222,0.0767074692617193,0.0767074692617193,0.0767074692617193
100,40.64,7.62,281157.5,0.000355673,0.07397,2e-05,0.0577242150902748,0.00923105094363333,0.00923105094363333,0.00923105094363333
75,45.72,5.08,400320,0.00018735,0.04081,1e-05,0.0590218864381313,0.00943856992507679,0.00943856992507679,0.00943856992507679
25,45.72,12.7,400320,6.25e-05,0.01382,0,0.0291062723845243,0.00465457144355487,0.00465457144355487,0.00465457144355487
25,27.94,2.54,91362.47,0.000273635,0.05023,2e-05,0.019670732319355,0.00314567347264169,0.00314567347264169,0.00314567347264169
100,33.02,15.24,150806.4,0.000663102,0.12531,4e-05,0.0763290151953697,0.0122062643319429,0.0122062643319429,0.0122062643319429
25,2.54,5.08,68.64197,0.3642086,0.16848,0.00022,0.11406646668911,0.0182411032063531,0.0182411032063531,0.0182411032063531
75,10.16,7.62,4393.086,0.01707228,0.55609,0.00031,0.465074092149734,0.0743729928676243,0.0743729928676243,0.0743729928676243
25,43.18,10.16,337238,7.41e-05,0.01616,0,0.0203914791345596,0.00326093273702858,0.00326093273702858,0.00326093273702858
100,35.56,10.16,188353.6,0.000530916,0.10429,3e-05,0.0493378676474094,0.00788993612110988,0.00788993612110988,0.00788993612110988
75,2.54,12.7,68.64197,1.092626,0.21232,0.00024,0.165040642023087,0.02639271182644,0.02639271182644,0.02639271182644
75,33.02,5.08,150806.4,0.000497326,0.09556,3e-05,0.0386548303067684,0.00618154282775856,0.00618154282775856,0.00618154282775856
100,38.1,7.62,231666.7,0.000431655,0.08744,2e-05,0.0506927743554115,0.00810660797755484,0.00810660797755484,0.00810660797755484
25,17.78,12.7,23544.2,0.001061833,0.13835,5e-05,0.0667896717786789,0.010680766498658,0.010680766498658,0.010680766498658
75,15.24,5.08,14826.67,0.005058453,0.4238,0.00019,0.393916696310043,0.0629937554889053,0.0629937554889053,0.0629937554889053
100,12.7,5.08,8580.247,0.01165468,0.58157,0.00026,0.522674083709717,0.0835841784266052,0.0835841784266052,0.0835841784266052
50,17.78,5.08,23544.2,0.002123666,0.25056,1e-04,0.233926177024841,0.037408641309174,0.037408641309174,0.037408641309174
75,40.64,5.08,281157.5,0.000266754,0.056,1e-05,0.0497584454715252,0.00795719342922751,0.00795719342922751,0.00795719342922751
50,12.7,12.7,8580.247,0.005827338,0.39713,0.00017,0.304201543331146,0.0486468276654799,0.0486468276654799,0.0486468276654799
50,12.7,5.08,8580.247,0.005827338,0.39398,0.00018,0.312055796384811,0.0499028518478648,0.0499028518478648,0.0499028518478648
50,40.64,7.62,281157.5,0.000177836,0.03774,1e-05,0.0297478288412094,0.00475716686777354,0.00475716686777354,0.00475716686777354
25,5.08,7.62,549.1358,0.04552608,0.32199,0.00028,0.215084791183472,0.0343955939723097,0.0343955939723097,0.0343955939723097
0,5.08,5.08,549.1357853,0,0,0,0.101601555943489,0.0162477590626394,0.0162477590626394,0.0162477590626394
50,22.86,15.24,50040,0.000999201,0.15451,5e-05,0.113139040768147,0.0180927925552776,0.0180927925552776,0.0180927925552776
75,30.48,12.7,118613.3,0.000632307,0.1163,4e-05,0.0490694157779217,0.00784700625399467,0.00784700625399467,0.00784700625399467
0,22.86,12.7,50039.99844,0,0,0,0.0038826554082334,0.000620900428250507,0.000620900428250507,0.000620900428250507
75,27.94,15.24,91362.47,0.000820906,0.14279,4e-05,0.0996043235063553,0.0159283687626652,0.0159283687626652,0.0159283687626652
25,27.94,10.16,91362.47,0.000273635,0.05049,1e-05,0.00468483800068498,0.000749182612173418,0.000749182612173418,0.000749182612173418
0,22.86,2.54,50039.99844,0,0,0,0.0121125215664506,0.00193699132090235,0.00193699132090235,0.00193699132090235
100,2.54,10.16,68.64197,1.456835,0.22307,0.00025,0.219492062926292,0.0351003891768315,0.0351003891768315,0.0351003891768315
100,12.7,10.16,8580.247,0.01165468,0.58581,0.00026,0.522263526916504,0.0835185236460685,0.0835185236460685,0.0835185236460685
0,17.78,2.54,23544.1968,0,0,0,0.0235118828713894,0.00375993659207159,0.00375993659207159,0.00375993659207159
75,17.78,12.7,23544.2,0.003185498,0.34601,0.00014,0.342102259397507,0.0547077752290215,0.0547077752290215,0.0547077752290215
50,20.32,10.16,35144.69,0.00142269,0.19675,7e-05,0.185478955507278,0.0296611341459028,0.0296611341459028,0.0296611341459028
25,22.86,7.62,50040,0.0004996,0.08126,3e-05,0.0110077718272805,0.0017603236762008,0.0017603236762008,0.0017603236762008
100,2.54,15.24,68.64197,1.456835,0.2239,0.00025,0.209389388561249,0.0334848054640897,0.0334848054640897,0.0334848054640897
0,20.32,5.08,35144.69026,0,0,0,0.00637622084468603,0.00101966253422595,0.00101966253422595,0.00101966253422595
75,2.54,5.08,68.64197,1.092626,0.2014,0.00024,0.181750059127808,0.0290648223140556,0.0290648223140556,0.0290648223140556
0,15.24,5.08,14826.6662,0,0,0,0.0206077732145786,0.00329552171616565,0.00329552171616565,0.00329552171616565
25,45.72,2.54,400320,6.25e-05,0.01379,0,0.0247127562761307,0.0039519759911121,0.0039519759911121,0.0039519759911121
100,5.08,2.54,549.1358,0.1821043,0.37292,0.00033,0.490076392889023,0.0783712717783287,0.0783712717783287,0.0783712717783287
0,12.7,12.7,8580.246646,0,0,0,0.0213288627564907,0.00341083578818728,0.00341083578818728,0.00341083578818728
0,2.54,12.7,68.64197317,0,0,0,0.0872838273644447,0.0139581188881723,0.0139581188881723,0.0139581188881723
0,35.56,2.54,188353.5744,0,0,0,0.00627105869352818,0.00100284537745453,0.00100284537745453,0.00100284537745453
0,40.64,10.16,281157.5221,0,0,0,-0.00399966631084681,-0.000639612395165875,-0.000639612395165875,-0.000639612395165875
25,10.16,5.08,4393.086,0.00569076,0.30359,0.00018,0.192992120981216,0.0308626128170186,0.0308626128170186,0.0308626128170186
25,17.78,5.08,23544.2,0.001061833,0.13781,5e-05,0.0887991115450859,0.0142004377389996,0.0142004377389996,0.0142004377389996
50,45.72,10.16,400320,0.0001249,0.02743,1e-05,0.0427651070058346,0.00683884364236767,0.00683884364236767,0.00683884364236767
50,20.32,5.08,35144.69,0.00142269,0.19616,7e-05,0.187935099005699,0.0300539118687932,0.0300539118687932,0.0300539118687932
50,10.16,7.62,4393.086,0.01138152,0.46253,0.00025,0.341016173362732,0.0545340922174727,0.0545340922174727,0.0545340922174727
100,30.48,2.54,118613.3,0.000843076,0.15091,4e-05,0.128742218017578,0.0205879971041275,0.0205879971041275,0.0205879971041275
75,20.32,10.16,35144.69,0.002134035,0.27642,1e-04,0.300606608390808,0.0480719384699939,0.0480719384699939,0.0480719384699939
0,17.78,12.7,23544.1968,0,0,0,0.00575508596375585,0.000920332855688665,0.000920332855688665,0.000920332855688665
100,43.18,12.7,337238,0.000296526,0.06304,2e-05,0.0666135773062706,0.0106526060976347,0.0106526060976347,0.0106526060976347
0,27.94,10.16,91362.46629,0,0,0,0.000181854178663343,2.9081472739449e-05,2.9081472739449e-05,2.9081472739449e-05
50,40.64,15.24,281157.5,0.000177836,0.03775,1e-05,0.0418233461678028,0.00668824060239572,0.00668824060239572,0.00668824060239572
25,22.86,10.16,50040,0.0004996,0.0813,3e-05,0.00791834201663733,0.00126627306114737,0.00126627306114737,0.00126627306114737
100,27.94,2.54,91362.47,0.001094541,0.18414,6e-05,0.184811994433403,0.029554476105759,0.029554476105759,0.029554476105759
25,12.7,2.54,8580.247,0.002913669,0.23466,0.00012,0.17130620777607,0.0273946787924008,0.0273946787924008,0.0273946787924008
75,17.78,2.54,23544.2,0.003185498,0.34096,0.00014,0.347702175378799,0.055603293853615,0.055603293853615,0.055603293853615
100,2.54,5.08,68.64197,1.456835,0.21309,0.00026,0.231134355068207,0.0369621830824672,0.0369621830824672,0.0369621830824672
75,12.7,5.08,8580.247,0.008741007,0.5024,0.00024,0.432038128376007,0.0690899991692192,0.0690899991692192,0.0690899991692192
75,15.24,10.16,14826.67,0.005058453,0.42588,0.00019,0.401322335004807,0.0641780388603568,0.0641780388603568,0.0641780388603568
25,30.48,10.16,118613.3,0.000210769,0.04062,1e-05,0.00455195363610983,0.000727932217740386,0.000727932217740386,0.000727932217740386
50,20.32,12.7,35144.69,0.00142269,0.19675,7e-05,0.174988567829132,0.0279835487006267,0.0279835487006267,0.0279835487006267
75,22.86,12.7,50040,0.001498801,0.22063,7e-05,0.226454824209213,0.0362138491694964,0.0362138491694964,0.0362138491694964
25,15.24,2.54,14826.67,0.001686151,0.17941,8e-05,0.139480039477348,0.0223051512787449,0.0223051512787449,0.0223051512787449
100,7.62,7.62,1853.333,0.05395684,0.56667,0.00037,0.568444788455963,0.0909036665578485,0.0909036665578485,0.0909036665578485
100,45.72,7.62,400320,0.0002498,0.05409,1e-05,0.07621730864048,0.0121884006174288,0.0121884006174288,0.0121884006174288
100,33.02,2.54,150806.4,0.000663102,0.1247,4e-05,0.0886377394199371,0.0141746316833295,0.0141746316833295,0.0141746316833295
50,27.94,7.62,91362.47,0.000547271,0.09799,3e-05,0.0208228714764118,0.0033299194643163,0.0033299194643163,0.0033299194643163
50,5.08,5.08,549.1358,0.09105216,0.37056,0.00032,0.342991530895233,0.0548499843605861,0.0548499843605861,0.0548499843605861
25,35.56,5.08,188353.6,0.000132729,0.02724,1e-05,0.0105488877743483,0.0016869405723645,0.0016869405723645,0.0016869405723645
50,25.4,7.62,68641.97,0.000728417,0.12233,4e-05,0.0739627629518509,0.0118278616984684,0.0118278616984684,0.0118278616984684
50,27.94,2.54,91362.47,0.000547271,0.09741,3e-05,0.0538807958364487,0.00861642502149086,0.00861642502149086,0.00861642502149086
25,5.08,12.7,549.1358,0.04552608,0.32446,0.00027,0.202753707766533,0.0324236510184915,0.0324236510184915,0.0324236510184915
100,22.86,10.16,50040,0.001998401,0.28105,1e-04,0.299015045166016,0.0478174213460261,0.0478174213460261,0.0478174213460261
75,38.1,12.7,231666.7,0.000323741,0.06641,2e-05,0.0429230779409409,0.00686410579183646,0.00686410579183646,0.00686410579183646
50,5.08,12.7,549.1358,0.09105216,0.38187,0.00031,0.334472119808197,0.053487590473875,0.053487590473875,0.053487590473875
0,20.32,2.54,35144.69026,0,0,0,0.0159705560654402,0.00255395446101212,0.00255395446101212,0.00255395446101212
50,5.08,15.24,549.1358,0.09105216,0.38177,3e-04,0.331456273794174,0.0530053071175737,0.0530053071175737,0.0530053071175737
25,2.54,10.16,68.64197,0.3642086,0.17736,0.00023,0.0930868089199066,0.0148861110363489,0.0148861110363489,0.0148861110363489
25,20.32,10.16,35144.69,0.000711345,0.10533,4e-05,0.0269160959869623,0.00430432623242779,0.00430432623242779,0.00430432623242779
100,43.18,2.54,337238,0.000296526,0.06286,2e-05,0.0758461877703667,0.0121290522892981,0.0121290522892981,0.0121290522892981
100,30.48,7.62,118613.3,0.000843076,0.15155,4e-05,0.0934532359242439,0.0149447087381777,0.0149447087381777,0.0149447087381777
25,27.94,7.62,91362.47,0.000273635,0.05046,2e-05,0.00435274466872215,0.000696075428981832,0.000696075428981832,0.000696075428981832
75,40.64,2.54,281157.5,0.000266754,0.0559,1e-05,0.0540052242577076,0.00863632317157711,0.00863632317157711,0.00863632317157711
50,7.62,15.24,1853.333,0.02697842,0.47621,3e-04,0.3476442694664,0.0555940337462847,0.0555940337462847,0.0555940337462847
100,27.94,12.7,91362.47,0.001094541,0.18516,6e-05,0.157398357987404,0.0251705849746712,0.0251705849746712,0.0251705849746712
100,45.72,2.54,400320,0.0002498,0.05399,1e-05,0.081111453473568,0.0129710548329794,0.0129710548329794,0.0129710548329794
50,22.86,5.08,50040,0.000999201,0.1542,5e-05,0.137059777975082,0.0219181116769177,0.0219181116769177,0.0219181116769177
25,12.7,12.7,8580.247,0.002913669,0.24096,0.00012,0.136743322014809,0.021867505166528,0.021867505166528,0.021867505166528
50,45.72,7.62,400320,0.0001249,0.02741,1e-05,0.0414204187691212,0.00662380588746717,0.00662380588746717,0.00662380588746717
100,2.54,2.54,68.64197,1.456835,0.18774,0.00023,0.237885668873787,0.0380418291474383,0.0380418291474383,0.0380418291474383
75,33.02,15.24,150806.4,0.000497326,0.09563,3e-05,0.0516741797327995,0.00826355083110176,0.00826355083110176,0.00826355083110176
75,45.72,10.16,400320,0.00018735,0.04085,1e-05,0.0600025169551373,0.00959538886571039,0.00959538886571039,0.00959538886571039
0,25.4,7.62,68641.97317,0,0,0,0.000363524479325861,5.81335403637244e-05,5.81335403637244e-05,5.81335403637244e-05
100,2.54,7.62,68.64197,1.456835,0.22079,0.00024,0.225093528628349,0.0359961556272516,0.0359961556272516,0.0359961556272516
50,40.64,5.08,281157.5,0.000177836,0.03772,1e-05,0.0303086210042238,0.00484684675371882,0.00484684675371882,0.00484684675371882
0,25.4,15.24,68641.97317,0,0,0,0.0107894111424685,0.00172540421298359,0.00172540421298359,0.00172540421298359
100,10.16,12.7,4393.086,0.02276304,0.62039,0.00032,0.546652019023895,0.0874186444658951,0.0874186444658951,0.0874186444658951
0,10.16,2.54,4393.086283,0,0,0,0.0740538090467453,0.011842421465784,0.011842421465784,0.011842421465784
100,20.32,7.62,35144.69,0.00284538,0.34678,0.00012,0.369081944227219,0.0590222703627666,0.0590222703627666,0.0590222703627666
50,43.18,10.16,337238,0.000148263,0.03202,1e-05,0.0367600806057453,0.00587854120204178,0.00587854120204178,0.00587854120204178
0,43.18,10.16,337238.0142,0,0,0,0.00194860901683569,0.000311614615729336,0.000311614615729336,0.000311614615729336
0,10.16,15.24,4393.086283,0,0,0,0.0431089513003826,0.00689382999765525,0.00689382999765525,0.00689382999765525
50,15.24,12.7,14826.67,0.003372302,0.32023,0.00014,0.266557157039642,0.0426268714468421,0.0426268714468421,0.0426268714468421
100,12.7,2.54,8580.247,0.01165468,0.57005,0.00028,0.520978212356567,0.0833129807181515,0.0833129807181515,0.0833129807181515
50,27.94,15.24,91362.47,0.000547271,0.09802,3e-05,0.0503748990595341,0.00805577449206909,0.00805577449206909,0.00805577449206909
25,30.48,15.24,118613.3,0.000210769,0.04063,1e-05,0.0207692086696625,0.00332133789933345,0.00332133789933345,0.00332133789933345
75,2.54,15.24,68.64197,1.092626,0.21239,0.00024,0.163339242339134,0.0261206300470086,0.0261206300470086,0.0261206300470086
0,45.72,2.54,400319.9875,0,0,0,0.0110070919618011,0.00176021495453406,0.00176021495453406,0.00176021495453406
50,43.18,15.24,337238,0.000148263,0.03205,1e-05,0.0466431006789207,0.00745899858253206,0.00745899858253206,0.00745899858253206
50,12.7,7.62,8580.247,0.005827338,0.39667,0.00018,0.310376793146133,0.0496343516282165,0.0496343516282165,0.0496343516282165
75,5.08,7.62,549.1358,0.1365782,0.40217,0.00033,0.428336441516876,0.0684980385869822,0.0684980385869822,0.0684980385869822
50,22.86,2.54,50040,0.000999201,0.15309,5e-05,0.14116495847702,0.0225745975258276,0.0225745975258276,0.0225745975258276
50,25.4,10.16,68641.97,0.000728417,0.12238,4e-05,0.0679040476679802,0.0108589735230135,0.0108589735230135,0.0108589735230135
50,2.54,5.08,68.64197,0.7284173,0.18797,0.00023,0.134518072009087,0.0215116511088675,0.0215116511088675,0.0215116511088675
0,22.86,5.08,50039.99844,0,0,0,0.00463795335963368,0.000741684987314568,0.000741684987314568,0.000741684987314568
50,30.48,5.08,118613.3,0.000421538,0.0793,2e-05,0.0229454319924116,0.00366935178441795,0.00366935178441795,0.00366935178441795
0,38.1,15.24,231666.6594,0,0,0,-0.000588434806559235,-9.41003990762009e-05,-9.41003990762009e-05,-9.41003990762009e-05
50,43.18,5.08,337238,0.000148263,0.03204,1e-05,0.0349562503397465,0.00559007908864514,0.00559007908864514,0.00559007908864514
75,5.08,10.16,549.1358,0.1365782,0.40464,0.00033,0.424928963184357,0.067953126784758,0.067953126784758,0.067953126784758
0,33.02,2.54,150806.4151,0,0,0,0.00782426353543997,0.00125122836541137,0.00125122836541137,0.00125122836541137
50,5.08,7.62,549.1358,0.09105216,0.37938,0.00031,0.341456800699234,0.0546045557722225,0.0546045557722225,0.0546045557722225
100,12.7,12.7,8580.247,0.01165468,0.58667,0.00028,0.514079332351685,0.082209736392014,0.082209736392014,0.082209736392014
0,35.56,15.24,188353.5744,0,0,0,0.00143649335950613,0.000229718903254973,0.000229718903254973,0.000229718903254973
25,38.1,2.54,231666.7,0.000107914,0.02262,1e-05,0.0193645935505629,0.0030967168507782,0.0030967168507782,0.0030967168507782
75,30.48,7.62,118613.3,0.000632307,0.11631,3e-05,0.0398127175867558,0.00636670803878538,0.00636670803878538,0.00636670803878538
25,15.24,5.08,14826.67,0.001686151,0.18214,8e-05,0.125143349170685,0.0200124788123123,0.0200124788123123,0.0200124788123123
50,25.4,12.7,68641.97,0.000728417,0.12237,4e-05,0.0652030929923058,0.0104270464683346,0.0104270464683346,0.0104270464683346
75,5.08,5.08,549.1358,0.1365782,0.39252,0.00033,0.428943663835526,0.0685951434180967,0.0685951434180967,0.0685951434180967
100,20.32,10.16,35144.69,0.00284538,0.34737,0.00012,0.363826781511307,0.0581818834528398,0.0581818834528398,0.0581818834528398
50,38.1,10.16,231666.7,0.000215827,0.04482,1e-05,0.0267126467078924,0.00427179134812312,0.00427179134812312,0.00427179134812312
50,33.02,2.54,150806.4,0.000331551,0.06466,2e-05,0.0326295085251331,0.00521799482227984,0.00521799482227984,0.00521799482227984
0,20.32,12.7,35144.69026,0,0,0,0.00507378950715065,0.000811382352181532,0.000811382352181532,0.000811382352181532
75,15.24,15.24,14826.67,0.005058453,0.42653,0.00018,0.369835466146469,0.059142770905093,0.059142770905093,0.059142770905093
0,38.1,7.62,231666.6594,0,0,0,-0.00224694702774286,-0.000359323768167345,-0.000359323768167345,-0.000359323768167345
50,12.7,15.24,8580.247,0.005827338,0.39745,0.00019,0.291615754365921,0.0466341531072877,0.0466341531072877,0.0466341531072877
50,7.62,12.7,1853.333,0.02697842,0.47611,0.00029,0.356391102075577,0.0569927960730564,0.0569927960730564,0.0569927960730564
0,30.48,15.24,118613.3296,0,0,0,0.00930175185203552,0.0014875030362369,0.0014875030362369,0.0014875030362369
25,25.4,7.62,68641.97,0.000364209,0.06356,2e-05,0.00459019001573324,0.000734046843424803,0.000734046843424803,0.000734046843424803
0,15.24,12.7,14826.6662,0,0,0,0.00954419933259487,0.00152627437406624,0.00152627437406624,0.00152627437406624
0,17.78,15.24,23544.1968,0,0,0,0.0137141700834036,0.00219312124888259,0.00219312124888259,0.00219312124888259
50,38.1,7.62,231666.7,0.000215827,0.04478,1e-05,0.0247669536620378,0.00396064304409044,0.00396064304409044,0.00396064304409044
25,22.86,12.7,50040,0.0004996,0.08131,3e-05,0.0173130203038454,0.00276863656202197,0.00276863656202197,0.00276863656202197
100,10.16,10.16,4393.086,0.02276304,0.61913,0.00033,0.555313467979431,0.0888037525427948,0.0888037525427948,0.0888037525427948
0,7.62,5.08,1853.333276,0,0,0,0.0766280815005302,0.0122540899506047,0.0122540899506047,0.0122540899506047
0,12.7,2.54,8580.246646,0,0,0,0.0555504225194454,0.00888342577574086,0.00888342577574086,0.00888342577574086
75,43.18,2.54,337238,0.000222395,0.04756,1e-05,0.0584231168031693,0.00934281681704073,0.00934281681704073,0.00934281681704073
75,27.94,2.54,91362.47,0.000820906,0.1419,4e-05,0.118086263537407,0.0188839348053909,0.0188839348053909,0.0188839348053909
50,10.16,15.24,4393.086,0.01138152,0.46426,0.00024,0.324446797370911,0.0518843766059998,0.0518843766059998,0.0518843766059998
25,22.86,5.08,50040,0.0004996,0.08112,3e-05,0.0238177832216024,0.00380885508688483,0.00380885508688483,0.00380885508688483
50,35.56,10.16,188353.6,0.000265458,0.05368,2e-05,0.0225967820733786,0.0036135969307737,0.0036135969307737,0.0036135969307737
50,7.62,2.54,1853.333,0.02697842,0.44557,0.00031,0.362326443195343,0.0579419546914753,0.0579419546914753,0.0579419546914753
25,17.78,7.62,23544.2,0.001061833,0.13809,5e-05,0.0735825598239899,0.0117670609680171,0.0117670609680171,0.0117670609680171
100,15.24,12.7,14826.67,0.006744605,0.51103,0.00022,0.471221625804901,0.0753560845607689,0.0753560845607689,0.0753560845607689
50,17.78,7.62,23544.2,0.002123666,0.25134,0.00011,0.231982469558716,0.0370978105319817,0.0370978105319817,0.0370978105319817
50,40.64,2.54,281157.5,0.000177836,0.03766,1e-05,0.0356420613825321,0.00569975154869956,0.00569975154869956,0.00569975154869956
25,40.64,7.62,281157.5,8.89e-05,0.01906,0,0.0128976078704,0.00206253952724126,0.00206253952724126,0.00206253952724126
25,20.32,15.24,35144.69,0.000711345,0.10538,4e-05,0.0521814189851284,0.00834466672625141,0.00834466672625141,0.00834466672625141
50,45.72,15.24,400320,0.0001249,0.02744,1e-05,0.0513995178043842,0.00821962787347448,0.00821962787347448,0.00821962787347448
25,30.48,12.7,118613.3,0.000210769,0.04061,1e-05,0.0102416444569826,0.001637807315026,0.001637807315026,0.001637807315026
100,43.18,10.16,337238,0.000296526,0.06304,2e-05,0.065535195171833,0.0104801550663972,0.0104801550663972,0.0104801550663972
100,30.48,10.16,118613.3,0.000843076,0.15168,5e-05,0.0906468406319618,0.0144959199955241,0.0144959199955241,0.0144959199955241
0,30.48,7.62,118613.3296,0,0,0,-0.00117941433563828,-0.000188607741116998,-0.000188607741116998,-0.000188607741116998
75,27.94,7.62,91362.47,0.000820906,0.14277,5e-05,0.0926079675555229,0.0148095364303256,0.0148095364303256,0.0148095364303256
0,30.48,2.54,118613.3296,0,0,0,0.0087663596495986,0.00140188502154774,0.00140188502154774,0.00140188502154774
25,15.24,15.24,14826.67,0.001686151,0.183,8e-05,0.108200743794441,0.0173030776866082,0.0173030776866082,0.0173030776866082
0,40.64,2.54,281157.5221,0,0,0,0.00664207246154547,0.00106217657819933,0.00106217657819933,0.00106217657819933
50,35.56,7.62,188353.6,0.000265458,0.05368,2e-05,0.0208633225411177,0.00333638825455346,0.00333638825455346,0.00333638825455346
50,35.56,5.08,188353.6,0.000265458,0.05364,1e-05,0.0255548264831305,0.00408663686032919,0.00408663686032919,0.00408663686032919
75,7.62,12.7,1853.333,0.04046763,0.53519,0.00033,0.475654721260071,0.0760650094014214,0.0760650094014214,0.0760650094014214
25,5.08,5.08,549.1358,0.04552608,0.3151,0.00028,0.229191213846207,0.0366514428570192,0.0366514428570192,0.0366514428570192
25,30.48,7.62,118613.3,0.000210769,0.04061,1e-05,0.004379419144243,0.000700341116129636,0.000700341116129636,0.000700341116129636
25,22.86,15.24,50040,0.0004996,0.08126,3e-05,0.0367418564856052,0.00587562686563802,0.00587562686563802,0.00587562686563802
75,10.16,2.54,4393.086,0.01707228,0.53471,0.00032,0.461417645215988,0.0737882668931729,0.0737882668931729,0.0737882668931729
25,20.32,2.54,35144.69,0.000711345,0.10423,4e-05,0.0721249431371689,0.01153396409747,0.01153396409747,0.01153396409747
50,33.02,10.16,150806.4,0.000331551,0.06491,2e-05,0.0187355279922485,0.00299611892655171,0.00299611892655171,0.00299611892655171
100,22.86,5.08,50040,0.001998401,0.28034,1e-04,0.304648190736771,0.0487182539282487,0.0487182539282487,0.0487182539282487
100,7.62,10.16,1853.333,0.05395684,0.56977,0.00036,0.564907550811768,0.0903380041085238,0.0903380041085238,0.0903380041085238
75,45.72,2.54,400320,0.00018735,0.04077,1e-05,0.0614236481487751,0.00982265110609844,0.00982265110609844,0.00982265110609844
75,40.64,15.24,281157.5,0.000266754,0.05605,1e-05,0.0537970773875713,0.00860303706523541,0.00860303706523541,0.00860303706523541
0,20.32,15.24,35144.69026,0,0,0,0.0116760712116957,0.00186719573420085,0.00186719573420085,0.00186719573420085
100,12.7,7.62,8580.247,0.01165468,0.58532,0.00027,0.525284945964813,0.0840016982221696,0.0840016982221696,0.0840016982221696
25,2.54,12.7,68.64197,0.3642086,0.17806,0.00023,0.096960611641407,0.0155055957744581,0.0155055957744581,0.0155055957744581
25,22.86,2.54,50040,0.0004996,0.08057,3e-05,0.0419608168303967,0.00671022442127786,0.00671022442127786,0.00671022442127786
100,40.64,10.16,281157.5,0.000355673,0.07392,2e-05,0.0560869127511978,0.00896921938336849,0.00896921938336849,0.00896921938336849
75,2.54,2.54,68.64197,1.092626,0.17636,0.00023,0.18933516740799,0.0302778058225854,0.0302778058225854,0.0302778058225854
75,7.62,7.62,1853.333,0.04046763,0.53311,0.00035,0.478459388017654,0.0765135217229606,0.0765135217229606,0.0765135217229606
25,38.1,10.16,231666.7,0.000107914,0.02269,1e-05,0.0103854509070516,0.00166080433048188,0.00166080433048188,0.00166080433048188
75,35.56,7.62,188353.6,0.000398187,0.07931,2e-05,0.0340879522264004,0.00545122394603258,0.00545122394603258,0.00545122394603258
50,30.48,2.54,118613.3,0.000421538,0.07905,2e-05,0.0355652458965778,0.00568746748969598,0.00568746748969598,0.00568746748969598
100,17.78,2.54,23544.2,0.004247331,0.41924,0.00017,0.430821120738983,0.0688953796411998,0.0688953796411998,0.0688953796411998
100,30.48,15.24,118613.3,0.000843076,0.15172,4e-05,0.103580303490162,0.0165641933247487,0.0165641933247487,0.0165641933247487
75,22.86,5.08,50040,0.001498801,0.22021,8e-05,0.238345801830292,0.0381154119714871,0.0381154119714871,0.0381154119714871
50,38.1,12.7,231666.7,0.000215827,0.04482,1e-05,0.0313911512494087,0.00501996113605728,0.00501996113605728,0.00501996113605728
25,38.1,7.62,231666.7,0.000107914,0.02268,1e-05,0.00899037253111601,0.00143770836393678,0.00143770836393678,0.00143770836393678
50,27.94,12.7,91362.47,0.000547271,0.09803,3e-05,0.0341506414115429,0.00546124897730863,0.00546124897730863,0.00546124897730863
25,35.56,12.7,188353.6,0.000132729,0.02724,1e-05,0.0103313159197569,0.00165214725606747,0.00165214725606747,0.00165214725606747
50,33.02,7.62,150806.4,0.000331551,0.06493,2e-05,0.018329095095396,0.00293112362483741,0.00293112362483741,0.00293112362483741
25,5.08,2.54,549.1358,0.04552608,0.29061,0.00028,0.238332718610764,0.0381133197496044,0.0381133197496044,0.0381133197496044
75,17.78,7.62,23544.2,0.003185498,0.34578,0.00014,0.353717803955078,0.0565652917562068,0.0565652917562068,0.0565652917562068
75,2.54,10.16,68.64197,1.092626,0.21165,0.00025,0.170312166213989,0.0272357152051905,0.0272357152051905,0.0272357152051905
100,22.86,15.24,50040,0.001998401,0.28113,9e-05,0.293003678321838,0.0468561049644576,0.0468561049644576,0.0468561049644576
25,20.32,12.7,35144.69,0.000711345,0.10534,4e-05,0.0372664965689182,0.00595952543972102,0.00595952543972102,0.00595952543972102
0,10.16,12.7,4393.086283,0,0,0,0.0342165678739548,0.0054717917024389,0.0054717917024389,0.0054717917024389
75,7.62,2.54,1853.333,0.04046763,0.5013,0.00034,0.47750461101532,0.0763608371843389,0.0763608371843389,0.0763608371843389
100,20.32,2.54,35144.69,0.00284538,0.3433,0.00012,0.375158429145813,0.0599940001949356,0.0599940001949356,0.0599940001949356
25,12.7,10.16,8580.247,0.002913669,0.24093,0.00012,0.13632008433342,0.0217998225035059,0.0217998225035059,0.0217998225035059
100,25.4,12.7,68641.97,0.001456835,0.22767,7e-05,0.228719457983971,0.0365760013392706,0.0365760013392706,0.0365760013392706
75,20.32,2.54,35144.69,0.002134035,0.2735,1e-04,0.296780735254288,0.047460118460456,0.047460118460456,0.047460118460456
75,38.1,10.16,231666.7,0.000323741,0.06641,2e-05,0.0403467677533627,0.00645211143988307,0.00645211143988307,0.00645211143988307
50,15.24,2.54,14826.67,0.003372302,0.31374,0.00014,0.274710297584534,0.0439306926526011,0.0439306926526011,0.0439306926526011
100,43.18,5.08,337238,0.000296526,0.063,2e-05,0.0700074285268784,0.0111953387006428,0.0111953387006428,0.0111953387006428
75,25.4,15.24,68641.97,0.001092626,0.177,5e-05,0.154825150966644,0.0247590868701063,0.0247590868701063,0.0247590868701063
75,30.48,2.54,118613.3,0.000632307,0.11573,3e-05,0.0753531530499458,0.0120502079323143,0.0120502079323143,0.0120502079323143
0,17.78,10.16,23544.1968,0,0,0,0.00353593775071204,0.000565454574987165,0.000565454574987165,0.000565454574987165
50,30.48,15.24,118613.3,0.000421538,0.07935,2e-05,0.0391947068274021,0.00626787795864682,0.00626787795864682,0.00626787795864682
75,15.24,2.54,14826.67,0.005058453,0.41781,0.00018,0.392375558614731,0.0627473022360662,0.0627473022360662,0.0627473022360662
100,40.64,2.54,281157.5,0.000355673,0.07378,2e-05,0.0710501670837402,0.0113620897378675,0.0113620897378675,0.0113620897378675
75,5.08,15.24,549.1358,0.1365782,0.40514,0.00031,0.417211055755615,0.0667189065092369,0.0667189065092369,0.0667189065092369
100,7.62,5.08,1853.333,0.05395684,0.55915,0.00035,0.567831218242645,0.0908055465940209,0.0908055465940209,0.0908055465940209
25,10.16,7.62,4393.086,0.00569076,0.30623,0.00016,0.181080043315887,0.0289576757710804,0.0289576757710804,0.0289576757710804
0,40.64,7.62,281157.5221,0,0,0,-0.000212554878089577,-3.3991019278376e-05,-3.3991019278376e-05,-3.3991019278376e-05
75,33.02,7.62,150806.4,0.000497326,0.09564,3e-05,0.029971657320857,0.00479296072127215,0.00479296072127215,0.00479296072127215
0,45.72,7.62,400319.9875,0,0,0,0.00907580461353064,0.00145137035836592,0.00145137035836592,0.00145137035836592
100,22.86,2.54,50040,0.001998401,0.27857,9e-05,0.315845936536789,0.0505089575657459,0.0505089575657459,0.0505089575657459
100,10.16,2.54,4393.086,0.02276304,0.59387,0.00034,0.553661465644836,0.0885395702115877,0.0885395702115877,0.0885395702115877
0,12.7,10.16,8580.246646,0,0,0,0.0212375689297915,0.00339623640448354,0.00339623640448354,0.00339623640448354
25,45.72,10.16,400320,6.25e-05,0.01382,0,0.0262437257915735,0.00419680318483142,0.00419680318483142,0.00419680318483142
25,7.62,7.62,1853.333,0.01348921,0.35332,0.00023,0.206825450062752,0.0330747895486033,0.0330747895486033,0.0330747895486033
100,38.1,10.16,231666.7,0.000431655,0.08751,2e-05,0.049779936671257,0.00796063022536677,0.00796063022536677,0.00796063022536677
100,10.16,5.08,4393.086,0.02276304,0.6124,0.00032,0.55564957857132,0.0888575021518898,0.0888575021518898,0.0888575021518898
100,35.56,7.62,188353.6,0.000530916,0.1042,3e-05,0.051168043166399,0.00818261127355954,0.00818261127355954,0.00818261127355954
100,30.48,12.7,118613.3,0.000843076,0.15168,4e-05,0.0936615839600563,0.0149780270142181,0.0149780270142181,0.0149780270142181
100,33.02,12.7,150806.4,0.000663102,0.12519,3e-05,0.062109213322401,0.00993228424763228,0.00993228424763228,0.00993228424763228
0,45.72,5.08,400319.9875,0,0,0,0.00877636577934027,0.00140348516618807,0.00140348516618807,0.00140348516618807
0,2.54,5.08,68.64197317,0,0,0,0.126271888613701,0.020192950821747,0.020192950821747,0.020192950821747
0,30.48,12.7,118613.3296,0,0,0,0.00223767571151257,0.000357841132287367,0.000357841132287367,0.000357841132287367
25,25.4,10.16,68641.97,0.000364209,0.06359,2e-05,0.00409812433645129,0.000655357452049597,0.000655357452049597,0.000655357452049597
75,43.18,12.7,337238,0.000222395,0.04765,1e-05,0.0559283383190632,0.00894386072480374,0.00894386072480374,0.00894386072480374
25,2.54,15.24,68.64197,0.3642086,0.17859,0.00023,0.102332077920437,0.0163645815360867,0.0163645815360867,0.0163645815360867
0,43.18,7.62,337238.0142,0,0,0,0.00400710012763739,0.000640801184678079,0.000640801184678079,0.000640801184678079
100,45.72,12.7,400320,0.0002498,0.05409,1e-05,0.0755434781312943,0.0120806440416496,0.0120806440416496,0.0120806440416496
100,22.86,12.7,50040,0.001998401,0.28115,1e-04,0.299435555934906,0.0478846679309109,0.0478846679309109,0.0478846679309109
25,25.4,5.08,68641.97,0.000364209,0.0635,2e-05,0.0115591883659363,0.00184850424568161,0.00184850424568161,0.00184850424568161
50,25.4,15.24,68641.97,0.000728417,0.12236,4e-05,0.071356400847435,0.0114110615509775,0.0114110615509775,0.0114110615509775
50,5.08,10.16,549.1358,0.09105216,0.38159,0.00032,0.335961073637009,0.0537256986685899,0.0537256986685899,0.0537256986685899
75,35.56,12.7,188353.6,0.000398187,0.07933,2e-05,0.0398654155433178,0.00637513530836174,0.00637513530836174,0.00637513530836174
0,17.78,7.62,23544.1968,0,0,0,0.00498195458203554,0.000796696437945773,0.000796696437945773,0.000796696437945773
25,33.02,7.62,150806.4,0.000165775,0.03307,1e-05,0.00478304456919432,0.000764887456933826,0.000764887456933826,0.000764887456933826
0,25.4,5.08,68641.97317,0,0,0,0.00338628189638257,0.00054152214362941,0.00054152214362941,0.00054152214362941
75,17.78,15.24,23544.2,0.003185498,0.34593,0.00013,0.322629064321518,0.0515936912089853,0.0515936912089853,0.0515936912089853
75,15.24,12.7,14826.67,0.005058453,0.42628,0.00018,0.388763904571533,0.0621697393811811,0.0621697393811811,0.0621697393811811
100,45.72,15.24,400320,0.0002498,0.05407,1e-05,0.0775869786739349,0.0124074333723136,0.0124074333723136,0.0124074333723136
75,30.48,5.08,118613.3,0.000632307,0.11623,3e-05,0.0578118972480297,0.00924507276209924,0.00924507276209924,0.00924507276209924
0,35.56,12.7,188353.5744,0,0,0,-0.00593942403793335,-0.000949811544154547,-0.000949811544154547,-0.000949811544154547
100,17.78,12.7,23544.2,0.004247331,0.42586,0.00016,0.421120345592499,0.0673440662204823,0.0673440662204823,0.0673440662204823
100,27.94,10.16,91362.47,0.001094541,0.18502,5e-05,0.155559167265892,0.0248764681431338,0.0248764681431338,0.0248764681431338
75,35.56,5.08,188353.6,0.000398187,0.07928,2e-05,0.0414471961557865,0.00662808803179878,0.00662808803179878,0.00662808803179878
50,43.18,12.7,337238,0.000148263,0.03205,1e-05,0.0404934398829937,0.00647556672461094,0.00647556672461094,0.00647556672461094
50,33.02,5.08,150806.4,0.000331551,0.06491,2e-05,0.0229949597269297,0.00367727208337297,0.00367727208337297,0.00367727208337297
25,7.62,2.54,1853.333,0.01348921,0.33312,0.00025,0.227247729897499,0.0363406478239365,0.0363406478239365,0.0363406478239365
100,35.56,12.7,188353.6,0.000530916,0.10424,3e-05,0.0554204247891903,0.0088626370015901,0.0088626370015901,0.0088626370015901
50,15.24,5.08,14826.67,0.003372302,0.31813,0.00014,0.275142848491669,0.0439998646535237,0.0439998646535237,0.0439998646535237
75,22.86,10.16,50040,0.001498801,0.22068,7e-05,0.237584039568901,0.0379935936629863,0.0379935936629863,0.0379935936629863
0,27.94,12.7,91362.46629,0,0,0,0.00330164865590632,0.000527987897158683,0.000527987897158683,0.000527987897158683
50,22.86,10.16,50040,0.000999201,0.15449,5e-05,0.130554854869843,0.0208778675354429,0.0208778675354429,0.0208778675354429
0,12.7,5.08,8580.246646,0,0,0,0.0381137393414974,0.00609501348720807,0.00609501348720807,0.00609501348720807
25,33.02,15.24,150806.4,0.000165775,0.03308,1e-05,0.0198779944330454,0.00317881809188283,0.00317881809188283,0.00317881809188283
75,43.18,5.08,337238,0.000222395,0.04766,1e-05,0.0536818914115429,0.00858461693408165,0.00858461693408165,0.00858461693408165
75,5.08,12.7,549.1358,0.1365782,0.40535,0.00033,0.421335399150848,0.067378456819811,0.067378456819811,0.067378456819811
0,38.1,10.16,231666.6594,0,0,0,-0.00674328487366438,-0.00107836210676713,-0.00107836210676713,-0.00107836210676713
50,30.48,12.7,118613.3,0.000421538,0.07942,2e-05,0.0245171617716551,0.00392069721439274,0.00392069721439274,0.00392069721439274
0,35.56,7.62,188353.5744,0,0,0,-0.00302877929061651,-0.000484351599843807,-0.000484351599843807,-0.000484351599843807
0,10.16,7.62,4393.086283,0,0,0,0.0417397022247314,0.00667486456084347,0.00667486456084347,0.00667486456084347
75,17.78,5.08,23544.2,0.003185498,0.34459,0.00013,0.348622888326645,0.0557505309899317,0.0557505309899317,0.0557505309899317
75,40.64,7.62,281157.5,0.000266754,0.05602,1e-05,0.0474103577435017,0.00758169560039419,0.00758169560039419,0.00758169560039419
50,20.32,2.54,35144.69,0.00142269,0.19447,7e-05,0.189182266592979,0.0302533544686697,0.0302533544686697,0.0302533544686697
25,20.32,7.62,35144.69,0.000711345,0.10527,4e-05,0.0351609699428082,0.00562281711863944,0.00562281711863944,0.00562281711863944
50,25.4,2.54,68641.97,0.000728417,0.1215,4e-05,0.0935544595122337,0.014960896053951,0.014960896053951,0.014960896053951
0,45.72,12.7,400319.9875,0,0,0,0.00758650060743093,0.00121320616454599,0.00121320616454599,0.00121320616454599
0,25.4,12.7,68641.97317,0,0,0,0.00370627432130277,0.00059269419285339,0.00059269419285339,0.00059269419285339
75,45.72,12.7,400320,0.00018735,0.04087,1e-05,0.0630686208605766,0.0100857092850582,0.0100857092850582,0.0100857092850582
100,25.4,15.24,68641.97,0.001456835,0.2277,7e-05,0.229429066181183,0.0366894793555285,0.0366894793555285,0.0366894793555285
0,15.24,15.24,14826.6662,0,0,0,0.0193406194448471,0.00309288299715465,0.00309288299715465,0.00309288299715465
50,35.56,15.24,188353.6,0.000265458,0.05368,1e-05,0.0334331430494785,0.00534650919398145,0.00534650919398145,0.00534650919398145
25,45.72,7.62,400320,6.25e-05,0.01382,0,0.0240938737988472,0.00385300650894605,0.00385300650894605,0.00385300650894605
50,25.4,5.08,68641.97,0.000728417,0.12222,4e-05,0.0828405395150185,0.0132475641161215,0.0132475641161215,0.0132475641161215
25,7.62,12.7,1853.333,0.01348921,0.35494,0.00025,0.193702712655067,0.0309762481073588,0.0309762481073588,0.0309762481073588
100,27.94,15.24,91362.47,0.001094541,0.18511,6e-05,0.163802698254585,0.0261947442668202,0.0261947442668202,0.0261947442668202
0,43.18,2.54,337238.0142,0,0,0,0.00835237000137568,0.00133568127106094,0.00133568127106094,0.00133568127106094
75,22.86,2.54,50040,0.001498801,0.21884,8e-05,0.240036353468895,0.038385758970132,0.038385758970132,0.038385758970132
25,12.7,15.24,8580.247,0.002913669,0.24114,0.00011,0.140899047255516,0.0225320739500917,0.0225320739500917,0.0225320739500917
100,43.18,15.24,337238,0.000296526,0.06305,2e-05,0.0708894804120064,0.0113363932974669,0.0113363932974669,0.0113363932974669
25,15.24,12.7,14826.67,0.001686151,0.18301,8e-05,0.102118663489819,0.0163304530602285,0.0163304530602285,0.0163304530602285
25,33.02,12.7,150806.4,0.000165775,0.03306,1e-05,0.00988511461764574,0.00158079233258411,0.00158079233258411,0.00158079233258411
75,43.18,7.62,337238,0.000222395,0.04767,1e-05,0.0528193227946758,0.00844667803214549,0.00844667803214549,0.00844667803214549
50,2.54,2.54,68.64197,0.7284173,0.16314,0.00023,0.144242063164711,0.0230666771511035,0.0230666771511035,0.0230666771511035
0,15.24,7.62,14826.6662,0,0,0,0.0128132458776236,0.00204904865773688,0.00204904865773688,0.00204904865773688
75,25.4,5.08,68641.97,0.001092626,0.17657,6e-05,0.172879800200462,0.0276463220899557,0.0276463220899557,0.0276463220899557
